member_casual,Avg_ride_length
member,11.428768322560899
casual,20.584082748203
